-- MySQL dump 10.13  Distrib 8.0.27, for Linux (x86_64)
--
-- Host: localhost    Database: hopital
-- ------------------------------------------------------
-- Server version	8.0.27

/*!40101 SET @OLD_CHARACTER_SET_CLIENT=@@CHARACTER_SET_CLIENT */;
/*!40101 SET @OLD_CHARACTER_SET_RESULTS=@@CHARACTER_SET_RESULTS */;
/*!40101 SET @OLD_COLLATION_CONNECTION=@@COLLATION_CONNECTION */;
/*!50503 SET NAMES utf8mb4 */;
/*!40103 SET @OLD_TIME_ZONE=@@TIME_ZONE */;
/*!40103 SET TIME_ZONE='+00:00' */;
/*!40014 SET @OLD_UNIQUE_CHECKS=@@UNIQUE_CHECKS, UNIQUE_CHECKS=0 */;
/*!40014 SET @OLD_FOREIGN_KEY_CHECKS=@@FOREIGN_KEY_CHECKS, FOREIGN_KEY_CHECKS=0 */;
/*!40101 SET @OLD_SQL_MODE=@@SQL_MODE, SQL_MODE='NO_AUTO_VALUE_ON_ZERO' */;
/*!40111 SET @OLD_SQL_NOTES=@@SQL_NOTES, SQL_NOTES=0 */;

--
-- Table structure for table `docteur`
--

DROP TABLE IF EXISTS `docteur`;
/*!40101 SET @saved_cs_client     = @@character_set_client */;
/*!50503 SET character_set_client = utf8mb4 */;
CREATE TABLE `docteur` (
  `id_D` int unsigned NOT NULL AUTO_INCREMENT,
  `nom` varchar(45) NOT NULL,
  `prenom` varchar(45) NOT NULL,
  PRIMARY KEY (`id_D`)
) ENGINE=InnoDB AUTO_INCREMENT=21 DEFAULT CHARSET=utf8mb4 COLLATE=utf8mb4_0900_ai_ci;
/*!40101 SET character_set_client = @saved_cs_client */;

--
-- Dumping data for table `docteur`
--

LOCK TABLES `docteur` WRITE;
/*!40000 ALTER TABLE `docteur` DISABLE KEYS */;
INSERT INTO `docteur` VALUES (1,'Farley','Lambin'),(2,'Constantin','Side'),(3,'Sisile','McElvogue'),(4,'Sydelle','Baird'),(5,'Shellie','Ord'),(6,'Bradney','Frenzl'),(7,'Spike','Standish-Brooks'),(8,'Valentino','Handlin'),(9,'Bertina','Merigot'),(10,'Jade','Keeffe'),(11,'Sanderson','Biagini'),(12,'Clywd','Romagosa'),(13,'Sonnnie','Reville'),(14,'Sammy','Wadge'),(15,'Pascal','Curry'),(16,'Fidelio','Arson'),(17,'Dael','Eggerton'),(18,'Jocelyne','Gouldstraw'),(19,'Ginnie','Armitt'),(20,'Zacherie','Steinhammer');
/*!40000 ALTER TABLE `docteur` ENABLE KEYS */;
UNLOCK TABLES;

--
-- Table structure for table `medicament`
--

DROP TABLE IF EXISTS `medicament`;
/*!40101 SET @saved_cs_client     = @@character_set_client */;
/*!50503 SET character_set_client = utf8mb4 */;
CREATE TABLE `medicament` (
  `id_M` int unsigned NOT NULL AUTO_INCREMENT,
  `nom` varchar(45) NOT NULL,
  `description` varchar(150) NOT NULL,
  PRIMARY KEY (`id_M`)
) ENGINE=InnoDB AUTO_INCREMENT=501 DEFAULT CHARSET=utf8mb4 COLLATE=utf8mb4_0900_ai_ci;
/*!40101 SET character_set_client = @saved_cs_client */;

--
-- Dumping data for table `medicament`
--

LOCK TABLES `medicament` WRITE;
/*!40000 ALTER TABLE `medicament` DISABLE KEYS */;
INSERT INTO `medicament` VALUES (1,'AcneFree','Open reduct alveolar fx'),(2,'Glimepiride','Upper GI series'),(3,'DentiCare Pro-Gel','Bunionect/sft/osteotomy'),(4,'Hydralazine Hydrochloride','Perscr/fit/disp contacts'),(5,'Furosemide','Forearm/wrist/hand reatt'),(6,'Cholestyramine','Cisternal puncture'),(7,'Zonisamide','Hemorrhoid injection'),(8,'MI-ACID MAXIMUM STRENGTH','Int fixation-metacar/car'),(9,'Sayak','Rev hip repl-fem comp'),(10,'Tussin Cough Long Acting','Cl red-int fix metac/car'),(11,'Aurum Crataegus','Ambu cardiac monitoring'),(12,'Ramipril','Other skull dx procedure'),(13,'COLGATE PROCLINICAL - Sparkling Mint','Irrigate/expl vent shunt'),(14,'Carbidopa and Levodopa','Closed prostatic biopsy'),(15,'Childrens Allergy','Allogrft bone marrow NOS'),(16,'Sof Skin Pure Petroleum','Tot face ostect w recons'),(17,'CALIFORNIA NATUREL LIP BALM','Eswl gb/bile duct'),(18,'Milk of Magnesia','Excis les lacrimal gland'),(19,'Synthroid','Percutan aspiration gb'),(20,'TOPIRAMATE','Vaginal obliteration'),(21,'Envirostat','Loc exc les metacar/car'),(23,'Medi Stem Collagen Ampoule','Ext fistulizat esoph NEC'),(24,'Extra Strength Non-Aspirin Pain Reliever','Cord & epidid repair NEC'),(25,'quetiapine fumarate','Total parathyroidectomy'),(26,'Desloratadine','Tooth implantation'),(27,'Infant Glycerin Laxative','Reduction facial fx NOS'),(28,'Pioglitazone Hydrochloride','Opn reduc disloc-shouldr'),(29,'Neutrogena SkinClearing','Regional lymph node exc'),(30,'Diocto','Intracapsul lens ext NEC'),(31,'Bicalutamide','Open periph nerve biopsy'),(32,'Fluconazole','Op red-int fix metat/tar'),(33,'Dexamethasone','Root canal w apicoectomy'),(34,'oxygen','Jt structur division NEC'),(35,'Aspercreme Max No Mess Roll On','Intra-abdomin shunt NEC'),(36,'Benadryl Allergy Liqui-Gels','Other tenodesis of hand'),(37,'Lithium Carbonate','Cnt intraart bld gas mon'),(38,'ADRUCIL','Cataract extraction NEC'),(39,'Ultracruz Antibacterial','Bunionect/sft/arthrodes'),(41,'Whole Egg','Periph nerve inject NEC'),(42,'Cytotec','Rectal perirect op NEC'),(43,'Carvedilol','Subtalar fusion'),(44,'Sulfamethoxazole and Trimethoprim','App hybrid ext fix dev'),(45,'ibuprofen','Retinal tear repair NEC'),(46,'Synthroid','Extraoc musc-tend biopsy'),(47,'age renewal firming and hydrating moisturizer','Suture hand tendon NEC'),(48,'Hydromorphone Hydrochloride','Ileal conduitogram'),(49,'Oxygen','Pros rep atrial def-opn'),(50,'Periogel','Bone biopsy NOS'),(51,'MBM 11 Thyroid Adrenal','Dx proc post seg NEC'),(52,'HEADACHE ANXIETY','Cl reduc disloc-wrist'),(53,'Primidone','Vasc shunt & bypass NEC'),(54,'Diclofenac Potassium','Vaginal const w grf/pros'),(55,'Lubricant Eye Plus','Incis perianal abscess'),(56,'Benicar Hct','Cystometrogram'),(57,'Temazepam','Gas hysterosalpingogram'),(58,'Metoclopramide','Remov peritoneal drain'),(59,'Oxymorphone Hydrochloride','Perscr/fit/disp contacts'),(60,'Rite Aid Liquid Anesthetic Oral Pain Relief','Imp/rep schan coch pros'),(61,'fiber laxative','Implt cardiodefib leads'),(62,'Lovenox','Abd vein resect w replac'),(63,'Morphine Sulfate','Carporadial fusion'),(64,'Cyclobenzaprine Hydrochloride','Endo ins/re brnc val,mul'),(65,'Arthritis Therapy','Contrast arteriogram NEC'),(66,'Verapamil Hydrochloride','Limb length proc-humerus'),(67,'stomach relief','Breast operation NEC'),(68,'ziprasidone hydrochloride','Partial salpingectom NEC'),(69,'TRIESENCE','Other bronchial excision'),(70,'FIRST Dukes Mouthwash Compounding','Instrument delivery NEC'),(71,'Chocolated Laxative','Lap sigmoidectomy'),(73,'GERM FREE 24 PLUS','Impacted feces removal'),(74,'Tri-Med Medical','Nasal operation NEC'),(75,'Irbesartan and Hydrochlorothiazide','Lysis of hand adhesions'),(76,'Lotrel','Lap pt ex lrg intest NEC'),(77,'Childrens Ibuprofen','Diathermy'),(78,'Oxycodone Hydrochloride','Gastric repair NEC'),(79,'Verapamil Hydrochloride','Contr cerebr arteriogram'),(80,'Childrens Loratadine','Incision uterine septum'),(81,'UV Capture Vita Sun Gel','Tot ostect-metatars/tars'),(82,'FERROUS SULFATE','Orthovoltage radiation'),(83,'Ciprofloxacin','Epididymovasostomy'),(84,'HYDROCODONE BITARTRATE AND ACETAMINOPHEN','Implanted lens removal'),(85,'Safeway Daytime Cold and Flu Relief','Opn abltn renal les/tiss'),(86,'Xodol','Endosc destruc anus les'),(87,'SHISEIDO SHEER AND PERFECT FOUNDATION','Local gastr destruct NEC'),(88,'Low Dose Aspirin','Rep anulus fibrosus-grft'),(89,'Hemoforce','Oth remove rem ova/tube'),(90,'Citalopram','D & C post delivery'),(92,'Childrens','Renal autotransplant'),(93,'AMLODIPINE BESYLATE','Surg corr invert uterus'),(94,'LANOXIN','Gb-to-pancreas anastom'),(95,'Stressivin','Fus/refus 4-8 vertebrae'),(96,'Metronidazole','Micro exam-integumen NEC'),(97,'Burn with Lidocaine','Arm vessel excision'),(98,'Perch','Clos reduct tm dislocat'),(99,'Meloxicam','Cystometrogram'),(100,'rizatriptan benzoate','Contr thor arteriogr NEC'),(101,'Irbesartan and Hydrochlorothiazide','Pericolost hernia repair'),(102,'Kroger Dark Tanning Oil','Contr abd arteriogrm NEC'),(103,'Atovaquone and Proguanil Hydrochloride','Destruc-ankle lesion NEC'),(104,'RIBASPHERE RibaPak','Lingual thyroid excision'),(105,'ENGLISH WALNUT FOOD','Ext maxillary antrot NEC'),(106,'Bio Sweet Chestnut','Nonmechan resuscitation'),(107,'Doxazosin','Rep anuls fibros NEC/NOS'),(108,'Hydroxyzine Hydrochloride','Keratoprosthesis'),(109,'Losartan Potassium and Hydrochlorothiazide','Endo rem obs hd/neck ves'),(110,'Thiothixene','Plast op hnd-mus/fas grf'),(111,'Lorazepam','Influenza vaccination'),(113,'Potassium Chloride','Septoplasty NEC'),(114,'Tussin DM','Proximal gastrectomy'),(115,'Fludarabine Phosphate','Other destru pancrea les'),(116,'SaniFoam','Vascular cath irrigation'),(117,'VIRTUAL SKIN','Other chest cage incis'),(118,'Sotalol Hydrochloride','After-catar discission'),(119,'Haran 40 (Number 78)','Imp/rep schan coch pros'),(120,'TRIBIOTIC','Debrid open fx-humerus'),(121,'ULMUS PUMILA POLLEN','Myelomeningocel repair'),(122,'Vecuronium','Uterine operation NEC'),(123,'SNIFFLES N SNEEZES 4 KIDS','Oth metatars/tars incis'),(124,'Doxorubicin Hydrochloride','Arth/pros rem wo re-wrst'),(125,'miconazole 1','Excise middle ear lesion'),(126,'Oral Dent','Oth dx proc-tibia/fibula'),(127,'Natural Progesterone','Insert 3 vascular stents'),(128,'Leader Sore throat','Pros rep ventrc def-clos'),(129,'Shrimp','Ventri shunt-uninary sys'),(130,'Health-Stat Foam','Other vaginal dilation'),(131,'Muscle Rub','Scarification of pleura'),(132,'Cold Spot','Testicular les destruct'),(133,'allergy relief','Remove bladder stimulat'),(134,'Glimepiride','Lap remove rem ova/tube'),(135,'SunScreen','Polio vaccine administra'),(136,'Minocycline Hydrochloride','Forceps rotat fetal head'),(137,'Egg Plant','Oth remove ovaries/tubes'),(138,'SIMVASTATIN','Ins tot disc prost cerv'),(139,'Diltiazem Hydrochloride','Other craniotomy'),(140,'Skintegrity Antibacterial Hand','Skull transilluminat'),(141,'Verapamil','Arthroscopy NEC'),(142,'Lyrica','Hemorrhage control NOS'),(143,'SEAWEED MEDICLEAR MASK','Endosc destruc bronc les'),(144,'Goodys PM Pain Reliever','Open biopsy of esophagus'),(145,'JANUVIA','Micro exam-lymph sys NEC'),(146,'LBEL','Intra-ab bowel manip NOS'),(147,'Dove Men plus Care','Spermat cord/vas dx NEC'),(148,'NO-AD Sport 50 Sunscreen','Resect ext seg lg bowel'),(149,'Duloxetine','Cystocele repair'),(150,'TAMNAMO ESSENTIAL HAIR','Cholera vaccination'),(151,'OMNISCAN','Occlude leg vein NEC'),(152,'Minocycline Hydrochloride','Implant diaphra pacemake'),(153,'Mucus Clear','Cde for obstruction NEC'),(154,'Humulin R','Reattachment NEC'),(155,'SOLAR SENSE ZANY ZINC SPF 50 - WHITE','Neuroleptic therapy'),(156,'Doxercalciferol','Close reduc-femur epiphy'),(157,'OXYGEN','Cervical les cauterizat'),(158,'DermaCen Protectant','Referral for drug rehab'),(159,'VFEND','Hearing examination NOS'),(160,'Advance White','Implt cardiodefib leads'),(161,'Griseofulvin','Reduce renal pedicl tors'),(162,'Cold and Hot Pain Relief Sleeve','Local excis breast les'),(163,'Tinted Moisturizer','Excis spinal cord lesion'),(164,'LBel','Ins nondrug elut cor st'),(165,'Phoma','Conization of cervix'),(166,'ATORVASTATIN CALCIUM','Incis to remov tonsil FB'),(167,'Metformin Hydrochloride','Ins totl disc pros lumb'),(168,'Plantain Beeswax Mild Cough Relief','Imp cardiomyostimul sys'),(169,'Cotton Linters','Scrotum & tunica op NEC'),(170,'Glucotrol','Ins intra-ansm pres mntr'),(171,'Sprayology Hair and Nail Tonic','Injec therap sbst tm jnt'),(172,'Lidocaine','Vagin/cul-de-sac dx NEC'),(173,'Breakout Clearing Cooling Masque','Arth/pros rem wo rep-hnd'),(174,'OUHI CELL POWER NO 1 ESSENCE','Narcoanalysis'),(175,'Renewal 7-in-1 Anti-Aging Vitamin','Dental restoration NEC'),(176,'Amoxicillin','Excis radius/ulna-graft'),(177,'Leucovorin','Bladder exstrophy repair'),(178,'Antibactierial Hand Sanitizer','Rem brain pulse generatr'),(179,'RIVASTIGMINE TARTRATE','Excis/destr les phar NEC'),(180,'Nortriptyline Hydrochloride','Suture of gum laceration'),(181,'Live Better','Wrist structure division'),(182,'CounterAct','Cont inv mec ven 96+ hrs'),(183,'Acetaminophen and Codeine Phosphate','Lower limb lymphangiogrm'),(184,'Cefuroxime','Injct/infus glucarpidase'),(185,'Opana','Perc abltn renl les/tiss'),(186,'PROAIRHFA','Oth dx proc-metatar/tar'),(187,'Renew Mirra Deep Moisture','Periurethral excision'),(188,'Fentanyl','Suture cornea laceration'),(189,'Sun Shades','Repair of macrodactyly'),(190,'GOONGSECRET HANDS CLEAN','Cl osteoplasty mand rami'),(191,'Metoclopramide','Vitreous removal NEC'),(192,'Valsartan and Hydrochlorothiazide','Free skin graft NEC'),(193,'Vistaril','Closed aortic valvotomy'),(194,'FINASTERIDE','Cervical fistula repair'),(195,'CENTER-AL - PLATANUS OCCIDENTALIS POLLEN','Intest stoma closure NOS'),(196,'LANEIGE BB Cushion no.21','Oth uni salpingo-oophor'),(197,'OXYGEN','Sialoadenectomy NOS'),(198,'BETHANECHOL CHLORIDE','Spinal struct repair NEC'),(199,'Motion Sickness','Magnetic res image unsp'),(200,'ISOVUE','Mand orthognathic op NEC'),(201,'healthy accents tioconazole 1','Other repair of ankle'),(202,'MISOPROSTOL','Cnt intraart bld gas mon'),(203,'Clonidine Hydrochloride','Rhythm electrocardiogram'),(204,'QUALITY CHOICE ORIGINAL EYE DROPS','Mouth biopsy NOS'),(205,'NEUROSPORA INTERMEDIA','Rev crtd sinus stm leads'),(206,'Keystone Classic Foam Hand Sanitizer','Repair vess w patch NOS'),(207,'Asepxia','Tot exc pituit-transphen'),(208,'Foaming Hand Wash','Chemonucleolysis iv disc'),(209,'Cold Remedy Gan Mao Ling','Endo ins/re bron val,one'),(210,'Isosorbide Dinitrate','Rev hip repl-fem comp'),(211,'HYDROXYZINE HYDROCHLORIDE','Ventri shunt-uninary sys'),(212,'Oxytocin','Other pleural incision'),(213,'Treatment Set TS350533','Hand skin graft NEC'),(214,'Warfarin Sodium','Remov imp dev-metac/carp'),(215,'INVEGA SUSTENNA','Myringoplasty'),(216,'Instant Hand sanitizer','Eyelid epilation NEC'),(217,'Pumpkin Seeds Antibacterial Foaming Hand Wash','Incisional hernia repair'),(218,'healthy accents sinus congestion and pain','Biliary tr dx proc NEC'),(219,'Bite Beauty SPF 15 Sheer Balm','Soft tissue inject NEC'),(220,'Glipizide','Low forceps w episiotomy'),(222,'TopCare All Day Allergy','Destroy fallop tube les'),(223,'Therapeutic','Head & neck endarter NEC'),(224,'Caffeine and Sodium Benzoate','Arthrodesis NEC'),(225,'care one calcium antacid','Temporary tracheostomy'),(226,'Shrimp','Opn/oth rep mitral valve'),(227,'Rheumatrex','Opn/oth rep hrt vlv NOS'),(228,'Stribild','Remove intralum ureth FB'),(229,'Silica Skin Support','CAS w CT/CTA'),(230,'Fluoxetine','Remov intralum uter FB'),(231,'SEPHORA Acne-Fighting Roll-On','Partial ostectomy NEC'),(232,'Shopko Antibacterial Hand Sanitizer','Replace ureterost tube'),(233,'Divalproex Sodium','Partial esophagectomy'),(234,'Acne HP','Left lat sphincterotomy'),(235,'Select Brand Mucus Relief','Aorta-subclv-carot bypas'),(236,'Sunmark Milk of Magnesia','High-dose infusion IL-2'),(237,'Aspirin','Incis thyroid field NEC'),(238,'DOUBLE PERFECTION LUMIERE','Total ureterectomy'),(239,'Vivelle-Dot','Eye enuc w implant NEC'),(240,'Oxygen','Blepharoptos repair NEC'),(241,'Laxative pills','Delay sut flex tend hand'),(242,'Physical Anger','Hymenorrhaphy'),(243,'Terazol 3','Skin chemosurgery'),(244,'ibuprofen','Endosc destruc esoph les'),(245,'Diclofenac Sodium','Intralum urete adhesioly'),(246,'Nortriptyline Hydrochloride','Amputat through malleoli'),(247,'Amoxicillin','Lap scervic hysterectomy'),(248,'OXYMETAZOLINE HYDROCHLORIDE','Piercing of ear lobe'),(249,'Rexall Pain Relief','Close rectal fist NEC'),(250,'Buspirone Hydrochloride','Collaterl lig repair NEC'),(251,'DulcoGas','Femoral wedge osteotomy'),(252,'CAREONE ALLERGY','Percu nephrostmy w frag'),(253,'Australian Gold','Bladder sphincterotomy'),(254,'Oxygen','Lacrimal gland biopsy'),(256,'Chlorogenic Acid','Stapedectomy revis NEC'),(257,'Sulwhasoo EVENFAIR SMOOTHING FOUNDATION','Pull-thru res rectum NOS'),(259,'Garnier Nutritioniste Moisture Rescue','Culture-lower urinary'),(260,'Soothe and Cool Free Moisture Barrier','Spectacle fit & dispense'),(261,'EpiPen Jr','Other suture of tendon'),(262,'Carbidopa and Levodopa','Plast op hnd-mus/fas grf'),(263,'Potassium Phosphates','Remov imp dev-chest cage'),(264,'Zithranol','Plastic op on pharynx'),(265,'Nadolol','Shoulder arthroplast NEC'),(266,'Spironolactone','Transposit hand musc NEC'),(267,'Shingles Control','Insert recombinant BMP'),(268,'Multitrace-5','Extended ophthal work-up'),(269,'Phenobarbital','Therapeut distent bladd'),(270,'Triazolam','Musc/tend lng change NEC'),(273,'CVS Pharmacy','Lower limb artery incis'),(274,'Spironolactone','Pros rep ventric def-opn'),(275,'Loratadine','Endosc destr pancrea les'),(276,'Triamterene hydrochlorothiazide','Contrast aortogram'),(277,'Lovastatin','Bladder sphincterotomy'),(278,'Warfarin Sodium','Retropubic prostatectomy'),(279,'Bryonia Alba','Periph nerv anastom NEC'),(280,'Family wellness Lice Treatment','Heart vessel op NEC'),(281,'Calamine Plus','Excis les lacrimal gland'),(282,'Aveda Active Composition','Shoulder struct division'),(283,'Tangerine','Chordae tendineae ops'),(284,'Allergies Southern US','Vessel operation NEC'),(285,'Lidocaine Hydrochloride','Vessel operation NEC'),(286,'Dicloxacillin Sodium','Toxicology-ent/larynx'),(287,'health mart aspirin','Cryotherap cornea lesion'),(288,'Olanzapine','Interposit op uterin lig'),(289,'Severe Allergy','Arth/pros rem wo re-knee'),(290,'PREP AND PRIME','Intracereb cth-burr hole'),(291,'ANASTROZOLE','Opn lft hemicolectmy NEC'),(292,'Andalou BB sheer tint with SPF-30','Uterine operation NEC'),(293,'Gallic Acid','Remov fallop tube prosth'),(294,'The Natural Dentist','Arthrocentesis'),(295,'Female Stimulant','Bone marrow trnsplnt NOS'),(296,'Good Neighbor Pharmacy Tussin dm','Lysis of tongue adhesion'),(297,'Queen Perfume Hair','Percutan aspiration gb'),(298,'Health Smart Original Petroleum','Head/neck ves resec-anas'),(299,'Fentanyl','Intestinal biopsy NOS'),(300,'INVEGA','Thorac esophagoenter NEC'),(301,'Corn Removers','Intra-op neurophys montr'),(302,'Walgreens Pain Relieving for Boils','Insert tissue expander'),(303,'HYDROCODONE BITARTRATE AND ACETAMINOPHEN','Insert sphenoid electrod'),(304,'SINUS PAIN AND CONGESTION DAYTIME','Repair retina detach NEC'),(305,'PURELL Advanced Hand Sanitizer Sweet Plum','Perc extrac com duc calc'),(306,'Famotidine','Dysphasia training'),(307,'smart sense allergy','Appl ext fix-radius/ulna'),(308,'Doxycycline','Nasal lesion excis NOS'),(309,'Pegasys','Other tenoplasty of hand'),(310,'Monistat 1 Combination Pack','Wound catheter irrigat'),(311,'Gehwol Nail Protection Pen','Low forceps operation'),(312,'Estradiol Transdermal System','Rt heart cardiac cath'),(313,'Atripla','Remove bladder stimulat'),(314,'Arrid XX Unscented','Sm bowel endoscopy NEC'),(315,'Citalopram','Man replace invert uter'),(316,'Zonnic Nicotine','Loc exc les metatar/tar'),(317,'Promethazine DM','Hyperbaric oxygenation'),(318,'Anticavity','Removal of cement spacer'),(319,'Instant Hand sanitizer','Ins totl disc pros lumb'),(320,'Rx Act Ibuprofen','Parasitology-lower resp'),(321,'Bacitracin','Debrid opn fx-tibia/fib'),(322,'Anti-bacterial Hand','Revise or remove pacemak'),(323,'Athletes Foot','Oth heart revascular'),(324,'Kadian','Other bone dx proc NOS'),(325,'Loratadine','Closed intra-abd mass bx'),(326,'EGG','Corneal scrape for smear'),(327,'Shunfa Anti-Bacteria Spra','Breast dx procedure NEC'),(328,'IPKN ARTISTS TOUCH BB 01 LIGHT','Rt heart cardiac cath'),(329,'Aureobasidium pullulans','Tot face ostect w recons'),(330,'PANROSA Rose Scented Hand','Toxicology-integument'),(331,'Anti-Bacterial Hand','Cl reduc disloc-hand/fng'),(332,'Trout','Other incid appendectomy'),(333,'Agaricus Phosphorus','Below knee amputat NEC'),(334,'Acarbose','Int insert 1-cham, rate'),(335,'Saltbush','Hand tenonectomy NEC'),(336,'Amlodipine besylate','Correction prominent ear'),(338,'Ceftriaxone Sodium','Open reduction-femur fx'),(339,'Lorazepam','Part dacryoadenect NEC'),(340,'all day relief','Limb length-metacar/car'),(341,'ASACOL','Remov abdom wall suture'),(342,'Hydrochlorothiazide','Ligate thoracic duct'),(343,'Trifluoperazine Hydrochloride','Part ostectomy-femur'),(345,'FELODIPINEEXTENDED-RELEASE TABLETS','Fit leg prosthesis NOS'),(346,'equaline daytime and nighttime cold','Thorac seg lung resect'),(347,'Sabadil','Imp tot int bi ht rp sys'),(348,'Systane Lubricant','Applic ext fix-humerus'),(349,'albuterol sulfate','Open reduc-dislocat NEC'),(351,'Aspergillus fumigatus','Rem crtd sinus stm, totl'),(352,'Nighttime Sleep Aid Maximum Strength','Fallopian tube biopsy'),(353,'CeraVe','Postop revis per nerv op'),(354,'Oral Analgesic','Limb length-radius/ulna'),(355,'Smart Sense Ranitidine','Ureteral meatus dilation'),(356,'Hypercare','Percutan aspiration gb'),(358,'Ondansetron','Clos red-int fix humerus'),(359,'MoReturn Hair Tonic','Urethral meatotomy'),(360,'Warfarin Sodium','Rehab for the blind NEC'),(361,'Mirtazapine','Eswl gb/bile duct'),(362,'Atracurium Besylate','Pertussis vaccination'),(363,'CIMETIDINE','Destruct conjunc les NEC'),(364,'Aspen','Salpingostomy'),(365,'Ranitidine','Trocar cholecystostomy'),(366,'Carduus Oxalis Special Order','Hyperbaric oxygenation'),(367,'Nyloxin','Shoulder arthroplast NEC'),(368,'Nicotine','Open mediastinal biopsy'),(369,'Benztropine Mesylate','Incis cx to assist deliv'),(370,'Riche Creme Wrinkle Smoothing Day','Micro exam-periton NEC'),(371,'Nitrogen','Other uvula operations'),(372,'Oil-Free Acne Wash','Thyroid reimplantation'),(373,'Nux vomica','Scler fistuliz w iridect'),(374,'Badger SPF 35 Sport Sunscreen Face Stick','Radial keratotomy'),(375,'Orphenadrine Citrate','Lid reconst w hair graft'),(376,'REPAIRWEAR','Revis inner ear fenestra'),(377,'Valacyclovir Hydrochloride','Spinal cord adhesiolysis'),(378,'Prograf','Hemorrhoid procedure NEC'),(379,'Cefdinir','Excise conjunctiv lesion'),(380,'Benicar','C.A.T. scan of abdomen'),(381,'PROMETHAZINE HYDROCHLORIDE','Hysterectomy NEC/NOS'),(382,'Sumatriptan','Respiratory measure NEC'),(383,'Atenolol','Psychiat mental determin'),(384,'Regular Remedies No. 16','Inser temp pacemaker sys'),(385,'Vaccines Detox','Closure of mouth fistula'),(386,'Hydrogen Peroxide','Arthroscopy NEC'),(387,'Kendall Moisturizing','Disarticulation of wrist'),(388,'Ditropan','Trabeculotomy ab externo'),(389,'Pleo Stolo','Percu endosc jejunostomy'),(390,'Parcopa','Closed bx skin/subq tiss'),(391,'a d','Total ostectomy-humerus'),(392,'Mefloquine Hydrochloride','Correction fetal defect'),(393,'HAND SANITIZER','Comprehen interview/eval'),(394,'Dry Cough Diarrhea','Clo endosc bx bile duct'),(395,'Dextrose','Leg vein resect w replac'),(396,'Quetiapine fumarate','Conduit rt vent-pul art'),(397,'Rifampin','Skin closure NEC'),(398,'Yes To Grapefruit Moisturizer with SPF15','Conduit rt vent-pul art'),(400,'Selegiline Hydrochloride','Glaucoma procedure NEC'),(401,'Ibuprofen','Open adrenal gland bx'),(402,'Tamiflu','Chng hnd mus/ten lng NEC'),(405,'Naproxen Sodium','Sperm cord adhesiolysis'),(406,'PHENDIMETRAZINE TARTRATE','Vesicostomy'),(407,'Medline ReadyBath Select','Lap bi indir ing hrn-grf'),(408,'Carvedilol','Arth/pros rem wo rep NEC'),(409,'Up and Up Naproxen sodium','Forcib correct defor NEC'),(410,'Indapamide','Rem cath cranial cav/tis'),(411,'RISPERDAL M-TAB','Cholecystectomy'),(412,'TopCare day time severe cold and cough','Skin & subq incision NEC'),(414,'Ibuprofen','Periprostatic excision'),(415,'Neutrogena Complete Acne Therapy System','IVUS renal vessels'),(416,'METOPROLOL SUCCINATE','Nonoperative exams NEC'),(417,'SERTRALINE HYDROCHLORIDE','Atria septa def rep NEC'),(418,'Epi-Clenz Instant Hand Antiseptic','Amnioscopy'),(419,'Infants Silapap','Hip surface, metal/metal'),(420,'Trazodone Hydrochloride','Lamellar keratoplast NEC'),(421,'Sleep Aid','Wrist structure division'),(422,'Acetaminophen','Sclera reinforcement NEC'),(423,'Alprazolam','Intravas img cor ves OCT'),(424,'LEVAQUIN','Total wrist replacement'),(425,'FLOUNDER','Remov imp dev-metac/carp'),(426,'Nystatin','Local perfusion liver'),(427,'Homeopathic Cold and Flu Formula','Wrist joint biopsy'),(428,'Aspirin','Abd vein resect & anast'),(429,'CVTox','Bilat lung transplant'),(430,'Zyrtec','Chalazion excision'),(431,'Metoprolol Tartrate','Ins or rep cement spacer'),(432,'Sporting Edge','Exchange transfusion'),(433,'METOCLOPRAMIDE','Referral alcohol rehab'),(434,'American Red Cross First Aid Kit','Dental wiring'),(436,'IBUPROFEN','Arthrodesis of elbow'),(437,'Good Neighbor Pharmacy Gas Relief','Rep vaginoent fistul NEC'),(438,'SHISEIDO SHEER MATIFYING COMPACT (REFILL)','Percutaneous hysterogram'),(439,'Losartan Potassium and Hydrochlorothiazide','Incision of chest wall'),(440,'Vesica urinaria 8 Special Order','Pyelotomy'),(441,'Trandolapril','Aspir soft tiss hand NEC'),(442,'Sprains Strains','Intravenous pyelogram'),(443,'Diazepam','Tooth restorat by inlay'),(444,'ABILIFY','Replace vaginal pessary'),(445,'MuscleCare','Open lung biopsy'),(446,'ATORVASTATIN CALCIUM','Periph nerve inject NEC'),(447,'LBEL COULEUR LUXE AMPLIFIER XP','Color vision study'),(448,'Nimodipine','Forcib correct defor NEC'),(449,'ThatZit Acne Treatment','Incis vulva/perineum NEC'),(450,'Hydrochlorothiazide','Mand orthognathic op NEC'),(451,'Black Willow Pollen','Chorioret les radiother'),(452,'Virt-Vite Plus','Clos branch cleft fistul'),(453,'CALAN','Retinal tear cryotherapy'),(454,'Alba Kids Mineral Sunblock SPF 30','Repair of hip, NEC'),(455,'Aprodine','Fallopian tube op NEC'),(456,'Hydrochlorothiazide','Testes dx procedure NEC'),(457,'good sense pain relief','Artificial insemination'),(458,'Food - Plant Source, Rye Grain','Other parathyroid ops'),(459,'Rx Act Tussin Chest Congestion','Sm bowel stoma closure'),(460,'SMART SENSE','Incision of vessel NOS'),(461,'Relief','Inser bone stim-meta/tar'),(462,'CaraDerma','Refusion of spine NEC'),(463,'concentrated aspirin free','Unilat lung transplant'),(464,'Day Time','Salivary operation NEC'),(465,'Secret Clinical Advanced','Removal of FB NOS'),(467,'Tramadol Hydrochloride and Acetaminophen','Radical excis skin les'),(468,'Avocado','Soft tissue incision NEC'),(469,'Famotidine','Surg tooth extract NEC'),(470,'Conchae Argentum','Parasitol-spleen/marrow'),(471,'CLONAZEPAM','Revise disc prosth lumb'),(472,'Divalproex Sodium','Thorac lg bowel interpos'),(473,'Ranitidine Hydrochloride','Insert bone stimul-chest'),(474,'Loratadine','Nasal les destruct NEC'),(475,'Allergy Relief','Oth conjunc destruc proc'),(476,'Eplerenone','Biliary tube irrigation'),(477,'OXYGEN','Endo pulm arwy flow msmt'),(478,'Cetirizine Hydrochloride','Open thyroid gland bx'),(479,'Health Stat','Breast injection'),(480,'INFANTS ADVIL','Cell blk/pap-bili/pancre'),(481,'Trihexyphenidyl Hydrochloride','Permanent colostomy'),(482,'Pantoprazole Sodium','Thoracic tomography NEC'),(483,'Diazepam','Exc/des hrt les,endovasc'),(484,'Propylthiouracil','Incise bartholin\'s gland'),(485,'Lucky','Impedance phlebogram'),(486,'ARTEMISIA FRIGIDA POLLEN','Mastotomy'),(487,'ATORVASTATIN CALCIUM','Excis/destr les phar NEC'),(488,'Losartan Potassium','Gb-to-pancreas anastom'),(489,'CENTER-AL - HOUSE DUST','Lap ast vag hysterectomy'),(490,'AllerNaze','Drug rehabilitation'),(491,'Sorine','Peritoneal repair NEC'),(492,'OXYGEN','Bladder sphincterotomy'),(493,'Olay Complete All Day','Dilate pylorus, incision'),(494,'Marcaine','Excision of shoulder NEC'),(495,'Oil Clearing Matte Moisturizer','Lac passage manip NEC'),(496,'Western Family','Abdominal artery excis'),(497,'ABILIFY','Abdomen region ops NEC'),(498,'Walgreens Sensitive Dura-namel','Incision of aorta'),(499,'careone acid reducer','Exc maj les lid prt-thic'),(500,'CENTURY 21 ENVIROMENTAL DETOX','Repair retina detach NEC');
/*!40000 ALTER TABLE `medicament` ENABLE KEYS */;
UNLOCK TABLES;

--
-- Table structure for table `patient`
--

DROP TABLE IF EXISTS `patient`;
/*!40101 SET @saved_cs_client     = @@character_set_client */;
/*!50503 SET character_set_client = utf8mb4 */;
CREATE TABLE `patient` (
  `id_P` int unsigned NOT NULL AUTO_INCREMENT,
  `nom` varchar(45) NOT NULL,
  `prenom` varchar(45) NOT NULL,
  `ville` varchar(45) NOT NULL,
  PRIMARY KEY (`id_P`)
) ENGINE=InnoDB AUTO_INCREMENT=501 DEFAULT CHARSET=utf8mb4 COLLATE=utf8mb4_0900_ai_ci;
/*!40101 SET character_set_client = @saved_cs_client */;

--
-- Dumping data for table `patient`
--

LOCK TABLES `patient` WRITE;
/*!40000 ALTER TABLE `patient` DISABLE KEYS */;
INSERT INTO `patient` VALUES (1,'Delmore','Gooding','Vientiane'),(2,'Artemas','Duny','Manicahan'),(3,'Valry','Peabody','Taiqing'),(4,'Mechelle','Marquis','Yelizavetinskaya'),(5,'Stephan','Wadhams','Viljoenskroon'),(6,'Marty','Tillerton','Besançon'),(7,'Francoise','Bomfield','Quimbaya'),(8,'Red','Cato','Tarimbang'),(9,'Kennan','Goodright','Young America'),(10,'Ritchie','Kydd','Boujniba'),(11,'Giffer','Clelle','Jintan'),(12,'Pattie','Dougher','Dongyuan'),(13,'Alie','Swarbrigg','Pivovarikha'),(14,'Marya','Prosch','Niedercorn'),(15,'Anabel','Palister','Zheshan'),(16,'Yoshi','Niezen','Bolyarovo'),(17,'Bailie','Vakhrushev','Yangzi'),(18,'Viviyan','Barritt','Sambongmulyo'),(19,'Doreen','Hopfner','Wichita'),(20,'Ferdinand','Paffett','Prakhon Chai'),(21,'Henryetta','Faunt','Johanneshov'),(22,'Inessa','Fairn','Rancamaya'),(23,'Paul','Steger','Tsuruoka'),(24,'Sondra','Torel','Pančevo'),(25,'Kissie','Relph','Zhangdun'),(26,'Angelita','Driver','Kiernozia'),(27,'Kylila','Elijahu','Denver'),(28,'Cornell','Champkin','La Chapelle-sur-Erdre'),(29,'Gustav','Brett','Itaituba'),(30,'Zed','Offill','Morro do Chapéu'),(31,'Kirstyn','Carlesi','Gadon'),(32,'Atlanta','Luchelli','Uppsala'),(33,'Orly','Van der Brug','Bergen'),(34,'Davin','Bellard','Ostankinskiy'),(35,'Vernor','Schwerin','Mikulášovice'),(36,'Gui','Jacombs','Lelkowo'),(37,'Shannah','Mant','Zhoupu'),(38,'Price','Mogra','Oekefan'),(39,'Jamaal','Chapling','Xinle'),(40,'Tito','Dadley','Pochayiv'),(41,'Stefan','Bearn','Chepes'),(42,'Aindrea','Moffett','Simo Satu'),(43,'Bethina','Vicent','Kingston'),(44,'Krisha','Aggas','Houston'),(45,'Baxie','Stace','Duayaw Nkwanta'),(46,'Margot','Settle','Cherëmukhovo'),(47,'Calli','Healings','Pasirlaja'),(48,'Orbadiah','Covolini','Aqaba'),(49,'Belia','Zum Felde','Grand Bank'),(50,'Pietrek','Rowsell','Drzewica'),(51,'Truda','Loges','‘Awaj'),(52,'Meaghan','Featherbie','Pedro Miguel'),(53,'Bennie','Cunniam','Umm Kaddadah'),(54,'Wynn','McLernon','Malinovoye Ozero'),(55,'Kary','Gingold','Al Matūn'),(56,'Krystle','Dahlback','Borås'),(57,'Carly','Coleby','General Lavalle'),(58,'Meaghan','Caws','Prelog'),(59,'Natala','Spriggs','Kasulu'),(60,'Terza','Fluger','Jarada'),(61,'Harriette','Colton','Notre-Dame-de-l\'Île-Perrot'),(62,'Daphene','Wenderott','Mekele'),(63,'Clarabelle','Klee','Strasbourg'),(64,'Tally','Melmoth','Yanglang'),(65,'Daisey','Minear','Digne-les-Bains'),(66,'Dana','Ainsworth','Ciakar'),(67,'Britni','Dillimore','La Paz'),(68,'Barbie','Polfer','Jbaïl'),(69,'Ed','Trustram','Ochobo'),(70,'Cody','Franzman','Chambar'),(71,'Tabby','Throughton','Soisy-sous-Montmorency'),(72,'Michaelina','Owthwaite','Kovdor'),(73,'Celene','Cornely','Chibombo'),(74,'Kelley','Papes','Cabalaoangan'),(75,'Yardley','Sarra','Montor Timur'),(76,'Adina','Salla','Jacksonville'),(77,'Jeanna','Dopson','Dashiqiao'),(78,'Elenore','Pranger','Wuppertal'),(79,'Hurlee','Rosengren','Nagoya-shi'),(80,'Renaud','Francino','Timmins'),(81,'Thedric','Hessle','Haugesund'),(82,'Laurice','Cesco','‘Uqayribāt'),(83,'Lenna','McGinlay','Nicolas Bravo'),(84,'Jarrad','Clarycott','Port Glaud'),(85,'Vincent','Tommis','Kletek'),(86,'Banky','Rutley','Mbanza-Ngungu'),(87,'Bondy','Kite','Luokou'),(88,'Cloe','Jacks','Tonggu'),(89,'Patrice','Driver','Changma'),(90,'Donia','Milstead','Zhangjiafan'),(91,'Guthrey','McVie','Konongo'),(92,'Elfie','Bannester','Tomarovka'),(93,'Bronson','Swann','Kista'),(94,'Darlene','Grisedale','Orocuina'),(95,'Adan','Cowpertwait','Trostyanets’'),(96,'Ileane','Fossitt','Banjar Bucu'),(97,'Glen','Keesman','Tenancingo'),(98,'Avrom','Jenney','Novoishimskiy'),(99,'Xaviera','Wiffield','Yopal'),(100,'Jabez','Latour','Mīrpur Sakro'),(101,'Shaun','Ratter','Watari'),(102,'Giavani','Stearndale','Zlonice'),(103,'Corenda','Wloch','Nakasongola'),(104,'Juliette','Gath','Kirtipur'),(105,'Ula','Hidderley','Altay'),(106,'Emmi','Speariett','Oropós'),(107,'Karlan','Rendbaek','Basel'),(108,'Ninnetta','Orhtmann','Lobuni'),(109,'Vincent','Millington','Lugang'),(110,'Lillian','Tuminini','Shiyuetian'),(111,'Seth','Steedman','Gojō'),(112,'Salaidh','Ogelbe','Agdzhabedy'),(113,'Lynde','Sharpus','Cotmon'),(114,'Cynthea','Bullick','Kulutan'),(115,'Halli','Yuranovev','Beaconsfield'),(116,'Gram','Goseling','El Puerto'),(117,'Brynn','Oakland','Kroczyce'),(118,'Etan','Sueter','Krasnaya Poyma'),(119,'Phebe','Danielovitch','Castlepollard'),(120,'Sharla','Croux','Göteborg'),(121,'Kelbee','Cardew','Tiadiaye'),(122,'Winne','Farrant','San Jacinto'),(123,'Nonnah','Dybald','Phon Charoen'),(124,'Claybourne','Duer','Lekaj'),(125,'Adara','Corwood','Novo-Nikol’skoye'),(126,'Sharai','Hoggan','Ōmachi'),(127,'Shina','Jakeman','Korsze'),(128,'Bendicty','Saltrese','El Limon'),(129,'Percy','Sanney','Zheleznodorozhnyy'),(130,'Beckie','Massingham','Torre'),(131,'Jessi','Dunsire','Lloque'),(132,'Pincas','Heningham','Hengdaohezi'),(133,'Yuri','L\'Hommeau','Kumanovo'),(134,'Berkly','Aylott','Lingyang'),(135,'Elayne','Veitch','Pereyaslovskaya'),(136,'Alaric','Iseton','Leleque'),(137,'Taylor','Chappel','Dubiecko'),(138,'Susie','Hofton','Aikmel'),(139,'Aigneis','Sturley','Fazhan'),(140,'Toby','True','Olival Basto'),(141,'Andrew','Lavery','Campoalegre'),(142,'Odie','Gudyer','Khóra'),(143,'Anna','Delnevo','Kalapagenep'),(144,'Kerr','Gronw','Le Perreux-sur-Marne'),(145,'Ulrikaumeko','Smorthwaite','Kuangsan'),(146,'Kissee','Penman','Brumado'),(147,'Malachi','Northway','Oleszyce'),(148,'Clovis','Crayker','Vales'),(149,'Maggee','Cashford','Sylvan Lake'),(150,'Xerxes','Gadie','Luobuqiongzi'),(151,'Carola','Macellar','Vichadero'),(152,'Rosetta','Bockmann','Altay sumu'),(153,'Gwenette','Ogborn','Chironkamba'),(154,'Moria','Riglar','Taouima'),(155,'Hercule','Fockes','Matou'),(156,'Brigid','Jarlmann','Hejiang'),(157,'Jessie','Fibbens','Pulaupanggung'),(158,'Mame','McGinnell','Tangguhang'),(159,'Quintina','Sisland','Pudoc North'),(160,'Aubert','Douty','Kaczory'),(161,'Celine','Trowsdale','Kalianda'),(162,'Alfy','Van Der Straaten','Bojongsari'),(163,'Tracy','Murrigans','Huangshi'),(164,'Candy','Pocklington','Montor Timur'),(165,'Currey','Bulfoy','Ladan'),(166,'Keefe','Cromer','Itabaianinha'),(167,'Carita','Boundey','Pawa'),(168,'Cornelia','Spurge','Wangliao'),(169,'Robbie','Shapira','Mjamaoué'),(170,'Cordey','Terris','Timba Lauk'),(171,'Tammara','Fothergill','Sokolnice'),(172,'Alis','Granham','Gordon Town'),(173,'Jackqueline','Housam','Changpo'),(174,'Guss','Rumbelow','Arbois'),(175,'Ailyn','Cowdery','Puerto Santander'),(176,'Vergil','Salandino','Zeleneč'),(177,'Elton','Kopman','København'),(178,'Anneliese','Renny','Tanbuqiao'),(179,'Tiffanie','Paudin','Izazi'),(180,'George','Retter','Anling'),(181,'Sal','O\'Currine','Staryy Sambor'),(182,'Broddie','Lightbourn','Amargosa'),(183,'Wayne','Baxster','Villeta'),(184,'Natalie','Headech','Xinglongchang'),(185,'Viv','Boullin','Chodzież'),(186,'Edwina','Swinn','Inayauan'),(187,'Mariejeanne','Bumfrey','Čačinci'),(188,'Mehetabel','Odam','Sacramento'),(189,'Lorne','Asif','Bayuwan'),(190,'Costa','Volkers','Zangbi'),(191,'Garrott','Fogel','Ucuncha'),(192,'Kaila','Corder','Rennes'),(193,'Harrie','Nerger','Shuangbaiyang'),(194,'Wilden','Klausewitz','Aricagua'),(195,'Edie','MacCawley','Zdovbytsya'),(196,'Wendye','Venturoli','Vingåker'),(197,'Raquela','Glanders','La Roche-sur-Yon'),(198,'Marie-jeanne','Fliege','Ranambeling'),(199,'Stirling','Blazejewski','Khvānsār'),(200,'Monika','Benfell','Gaoleshan'),(201,'Anett','Rangle','Huari'),(202,'Stanwood','Gosse','Cilangkap'),(203,'Barbie','Heasman','Tamanan'),(204,'Erasmus','Chaffey','Conselheiro Lafaiete'),(205,'Rozele','Itscowicz','Candi Prambanan'),(206,'Waring','Croson','Krajan Suko Kidul'),(207,'Benny','Papen','Poitiers'),(208,'Lonni','Jandl','Estoril'),(209,'Lyssa','Dunkerly','Polykárpi'),(210,'Merilee','Lere','Buesaco'),(211,'Lara','Dunbabin','Campo Formoso'),(212,'Jan','Caldecutt','Mesyagutovo'),(213,'Efren','Bracegirdle','Fort Worth'),(214,'Madeline','Wallentin','Sulaco'),(215,'Bennett','Pilger','Washington'),(216,'Ted','Simpson','Skellefteå'),(217,'Nappie','Haward','Torino'),(218,'Hadlee','Old','Alcaria'),(219,'Nicolina','Cottu','Rochester'),(220,'Ezra','Brugger','Miami'),(221,'Gerhardt','Callear','Naryn'),(222,'Hally','De Gregorio','Xintai'),(223,'Jenelle','Keymar','Kiloloran'),(224,'Trip','Johncey','Marseille'),(225,'Tracey','Rowbotham','Meilin'),(226,'Valaria','Vinas','Kadujajar'),(227,'Archaimbaud','Willans','Vysokovsk'),(228,'Dayle','Klemensiewicz','Cafarnaum'),(229,'Petronilla','Kinnerley','Lianhua'),(230,'Jordana','Giblett','Pruzhany'),(231,'Staffard','Friedman','Sewon'),(232,'Chery','Cready','Tchintabaraden'),(233,'Westbrook','Attenbrow','Carreira'),(234,'Benjy','Gilffillan','Al Qarārah'),(235,'Carr','Meadus','Stockholm'),(236,'Isadore','Subhan','Budapest'),(237,'Merrill','Lascelles','Campos do Jordão'),(238,'Vic','Haddock','Itaberaba'),(239,'Hester','Ridgers','Zhoukou'),(240,'Margret','Weiner','Chincha Baja'),(241,'Miner','Muck','Ciriri'),(242,'Rodd','Tregunnah','Raleigh'),(243,'Audy','Vallack','Jocotenango'),(244,'Veronica','Bukac','Kortkeros'),(245,'Broddy','Roan','Kol’chugino'),(246,'Carlin','Janew','Liuhou'),(247,'Lalo','Critchell','Anambongan'),(248,'Kerri','Armsby','Vilkija'),(249,'Jard','Wilacot','Lumbardhi'),(250,'Shandy','Joanaud','Boevange-sur-Attert'),(251,'Gabbie','Lacknor','Borzytuchom'),(252,'Garwin','Snasdell','Fuchang'),(253,'Odey','Luberti','Baoshan'),(254,'Tyne','Ainscow','Keleleng'),(255,'Gasparo','Guerreiro','Kaélé'),(256,'Alan','Tulleth','Jixiang'),(257,'Silva','Tyne','Kuala Lumpur'),(258,'Lancelot','Peek','Chapultepec'),(259,'Wendeline','Nolda','Betania'),(260,'Erastus','Standrin','Sukabatu'),(261,'Ileana','Ingerson','Bantog'),(262,'Nickie','Henke','Cheping'),(263,'Haze','Parnby','Taochuan'),(264,'Lena','Sprowle','Brisbane'),(265,'Hilton','Worledge','Wukang'),(266,'Ardisj','Fahy','Hongkeli'),(267,'Flora','Mendus','Naval'),(268,'Hobard','Sappell','Lembang'),(269,'Blakeley','Surgey','Paris 11'),(270,'Joey','Boyan','Nanqiao'),(271,'Logan','Neaves','Kasimov'),(272,'Kellia','Jales','Oljoq'),(273,'Hewe','Caudrelier','Ḑawrān ad Daydah'),(274,'Ebonee','Borkin','Namur'),(275,'Barret','Nitto','Tanahwangko'),(276,'Rudolfo','Menego','Maliq'),(277,'Lamont','Keaveny','Mendeleyevo'),(278,'Irina','Abelwhite','Lubochnia'),(279,'York','Jopson','Khānaqāh'),(280,'Stephana','Yakunikov','Korolëv Stan'),(281,'Dehlia','Novotna','Sanchahe'),(282,'Sisely','Brindley','Banjarjo'),(283,'Brice','O\'Curran','Huai Mek'),(284,'Meryl','Dowzell','Zghartā'),(285,'Hyacinthe','Dimitriades','Quemú Quemú'),(286,'Delaney','Lush','Ronggo'),(287,'Salomone','Balducci','Tío Pujio'),(288,'Dorolisa','Lamanby','Motala'),(289,'Kari','Rolfini','Daqiao'),(290,'Katrine','Gatch','Lamawan'),(291,'Nicole','Huckleby','Banjar Banyuning Barat'),(292,'Lowrance','Lezemere','Xufu'),(293,'Eolanda','Crossan','Unquillo'),(294,'Meredith','Spieck','Gangnan'),(295,'Lisha','Pastor','Itabaiana'),(296,'Giustino','Hutable','Xinming'),(297,'Wanids','Duncombe','Paoua'),(298,'Alick','Aldins','Plan de Ayala'),(299,'Ertha','Couser','Sathing Phra'),(300,'Haroun','Blaker','Aracruz'),(301,'Der','Hentzer','Omu Aran'),(302,'Sophronia','Liddy','Janaúba'),(303,'Dexter','Langthorne','Ust’-Dzheguta'),(304,'Cullin','Widdowfield','Pedra Branca'),(305,'Carrissa','Douglass','Shuanglong'),(306,'Vivian','Stains','Tamorot'),(307,'Katee','Meighan','Bratislava'),(308,'Northrop','Stanlake','Bromma'),(309,'Verile','Caselick','Partenit'),(310,'Halsy','Blonfield','Metapán'),(311,'Maud','Borkin','Cidadap'),(312,'Jilly','Janjic','Wang Muang'),(313,'Halsy','Sketcher','Bắc Ninh'),(314,'Babb','Peskett','Qingjiang'),(315,'Adam','Lindenbluth','Pilzno'),(316,'Desiri','Hadfield','Danauparis'),(317,'Brita','Assinder','Jīroft'),(318,'Conny','Chitter','Eskilstuna'),(319,'Bert','Mullin','Vadstena'),(320,'Mab','Yakushkev','San Basilio'),(321,'Lyndsey','Spalton','Połajewo'),(322,'Nissie','Edess','Klichaw'),(323,'Doroteya','Andrzejewski','Batutua'),(324,'Shay','Vayne','Charleston'),(325,'Jazmin','Burnham','Banjar Kawan'),(326,'Seward','Tollerfield','Lanas'),(327,'Donnell','Pulster','Az Zubaydāt'),(328,'Wynny','Bauduin','Wilga'),(329,'Alexine','Heather','Ohafia-Ifigh'),(330,'Francklin','Driuzzi','Ping’an'),(331,'Reinald','Van Waadenburg','Oslo'),(332,'Sherwood','Penwright','Grand Sable'),(333,'Neysa','Elwill','Marintoc'),(334,'Homere','Vane','Heshui'),(335,'Alberto','Ashfield','Yatsushiro'),(336,'Kris','Farra','Banjar Tengah'),(337,'Kippy','Ferrige','Estância Velha'),(338,'Daisi','Aird','Hukvaldy'),(339,'Linnea','Gounard','Longcheng'),(340,'Sasha','Saile','Santo Tomas'),(341,'Lyndsay','Dangerfield','Schiltigheim'),(342,'Katuscha','Hyett','Gobernador Ingeniero Valentín Virasoro'),(343,'Ricky','Allcott','Stockholm'),(344,'Micki','Killelay','Le Havre'),(345,'Bennie','Coryndon','Abengourou'),(346,'Bogart','Itzak','Sölvesborg'),(347,'Kirstin','Helder','Huai Yot'),(348,'Ally','Petrashov','Minas de Marcona'),(349,'Candida','Kopec','Paris 05'),(350,'Belvia','Deverille','Thị Trấn Yên Thế'),(351,'Gwyn','Tuppeny','Granja'),(352,'Ezra','Fitchet','Castelsarrasin'),(353,'Krystyna','Bayston','Varakļāni'),(354,'Townie','Mordin','Červená Voda'),(355,'Rodie','Kittles','Fernando Gutierrez Barrios'),(356,'Harriett','Burder','Otaru'),(357,'Roseanne','Bamber','Sulyukta'),(358,'Webb','Cumberland','Panggunguni'),(359,'Jackie','Dorbon','Kraśniczyn'),(360,'Philipa','Blasoni','Oljoq'),(361,'Thomasa','Whalley','San Matías'),(362,'Benetta','O\'Keevan','Chifeng'),(363,'Belva','Streater','Laboulaye'),(364,'Gunilla','Richel','Berëzovka'),(365,'Ed','Kording','Kortowo'),(366,'Wallache','Sommerly','San Vicente'),(367,'Darcey','Naisbitt','Ponoka'),(368,'Steffen','Wilderspoon','Herne'),(369,'Warner','Bolderson','Haikou'),(370,'Alessandra','Scalia','Yumendong'),(371,'Flor','Kellen','Kangxung'),(372,'Annmaria','Halsho','Maranura'),(373,'Debera','Condell','Perdões'),(374,'Danette','Leynham','Sidamukti'),(375,'Othella','Coppock.','Wierzawice'),(376,'Humphrey','Gilmartin','Magepanda'),(377,'Jaquelyn','MacDonnell','Lesogorsk'),(378,'Darsie','Batterson','Verkhniy Avzyan'),(379,'Laurice','Healey','Palaiópyrgos'),(380,'Theodora','Perkis','Zhangjia'),(381,'Phillida','Downes','Xanxerê'),(382,'Bea','Rigardeau','Wilkowice'),(383,'Grantley','Syphas','Toledo'),(384,'Anni','Craddock','Daxi'),(385,'Loretta','Pelham','Haikou'),(386,'Siward','Alessandrelli','Wetzlar'),(387,'Audrey','Kiehl','Dipayal'),(388,'Emmott','Burnes','El Banco'),(389,'Arther','Rudolph','Villa Constitución'),(390,'Fredrick','Ubach','Rozhnyativ'),(391,'Isidor','Luberti','Miguelópolis'),(392,'Norrie','Bristo','Quiling'),(393,'Kassie','Kemmet','Fontem'),(394,'Anselm','Casley','Marinići'),(395,'Brittne','Folcarelli','Prokop’yevsk'),(396,'Arlan','Wetherald','Páno Polemídia'),(397,'Brianne','Sellar','Dera Bugti'),(398,'Ailsun','Costelow','Pitai'),(399,'Kailey','Flament','Usevia'),(400,'Leonhard','Kelley','Uppsala'),(401,'Augusto','Le Huquet','Beitan'),(402,'Priscella','Mitchel','Xieyang'),(403,'Engracia','Clery','Kungsbacka'),(404,'Cassie','Earengey','Shaowu'),(405,'Dana','Renahan','Gonça'),(406,'Torrence','Proger','Libofshë'),(407,'Malanie','DeSousa','Saurama'),(408,'Melantha','Brandts','Moshenskoye'),(409,'Chanda','Colebrook','Pouébo'),(410,'Werner','Barford','Esmoriz'),(411,'Loria','Hacket','Ādilpur'),(412,'Sidonia','McAnulty','Yessentukskaya'),(413,'Jarvis','Bahde','Poroçan'),(414,'Marysa','Featherstone','Turze Pole'),(415,'Kippy','Pibworth','Aguaí'),(416,'Kala','Trusslove','Balitoc'),(417,'Athena','Fidgett','Vale de Açores'),(418,'Kenyon','Waliszewski','Karlstad'),(419,'Miguel','Youthed','Fatukanutu'),(420,'Kristos','Caroli','Melaka'),(421,'Sean','Fishpond','Shkotovo'),(422,'Anne-marie','Clark','Riosucio'),(423,'Cynthie','Freeland','General Elizardo Aquino'),(424,'Sophi','Smeed','Muli'),(425,'Mathew','Clineck','Ketapang'),(426,'Clarance','Broske','Yuhuang'),(427,'Randee','Spracklin','Sajan'),(428,'Spense','Slainey','Mastung'),(429,'Mandy','Greatland','Kristiansand S'),(430,'Kippie','Shelliday','Icheon-si'),(431,'Margarethe','Cobbin','Pazin'),(432,'Kip','Ville','Māmu Kānjan'),(433,'Lulu','Copcote','Kota Kinabalu'),(434,'Siegfried','Esparza','Gwangju'),(435,'Rozalie','Byk','Suntar'),(436,'Revkah','Attril','Malilipot'),(437,'Stanislas','Abrahams','Tampa'),(438,'Wenda','Trotton','Świnice Warckie'),(439,'Alie','Beavis','Bunigeulis'),(440,'Katie','Gilling','Sukasada'),(441,'Alyse','Grix','Maredakalada'),(442,'Carlotta','Rollitt','Kaburon'),(443,'Walliw','Fewkes','Oula Xiuma'),(444,'Kiri','Tour','Shanghu'),(445,'Jasmine','Tytherton','Pinyug'),(446,'Doyle','Jouhandeau','Châteaudun'),(447,'Lindsey','Propper','Lupane'),(448,'Phil','Nelthropp','Bentengjawa'),(449,'Cammy','Findlater','Mengjia'),(450,'Loleta','Freiberg','Banjar Tibubiyu Kaja'),(451,'Francisco','Carlisi','Awsīm'),(452,'Barbabra','Sizland','Czerniewice'),(453,'Helene','Vettore','Malangabang'),(454,'Maren','McAvinchey','Santana do Livramento'),(455,'Jobina','Felmingham','Kaiyuan'),(456,'Arvin','Mattiessen','Hongmiao'),(457,'Darline','Loiterton','Kedungtaman'),(458,'Gavra','Pressman','Maliang'),(459,'Maurizia','Mecchi','Sredno Konjare'),(460,'Reider','Dieton','Jiukeng'),(461,'Nancey','McTavy','Norrköping'),(462,'Abra','Skeete','Letuyi'),(463,'Consolata','Kewley','Naḩḩālīn'),(464,'Skip','Dunstall','Henglu'),(465,'Zelda','Rodliff','Ovacik'),(466,'Donni','Vennart','Zhaoyuan'),(467,'Sigismondo','Abramski','Calubcub Dos'),(468,'Johannah','Sandbach','Kombësi'),(469,'Felicle','Mattioli','Cakungsari'),(470,'Orbadiah','Dunnaway','Luyang'),(471,'Eryn','Cropton','Chai Badan'),(472,'Lil','Lovelace','Urengoy'),(473,'Sheppard','Jeves','Tobelo'),(474,'Tripp','Mowling','Gujō'),(475,'Joshia','Cominotti','Petaluma'),(476,'Woodie','Garvill','Na Wa'),(477,'Emalia','Skehan','Bhisho'),(478,'Adelaida','Ojeda','Savyntsi'),(479,'Emelyne','Meake','Suvorov'),(480,'Russell','Barenski','Charikar'),(481,'Francine','Morton','Hujirt'),(482,'Marylee','Tooker','Baume-les-Dames'),(483,'Carree','Sewards','Jiulian'),(484,'Kerstin','Burnsyde','São João do Campo'),(485,'Kiel','Farrears','Zielonka'),(486,'Cornall','Bugler','Rayevskaya'),(487,'Shane','Scrimshaw','Oras'),(488,'Rinaldo','Phippin','Dzüyl'),(489,'Randolf','Jenton','Yaxi'),(490,'Neddie','Chidlow','Lian'),(491,'Reynard','Jerrams','Kadubadak'),(492,'Elisabetta','Thompkins','Palos'),(493,'Tallie','Cosgreave','Novoarkhanhel’s’k'),(494,'Sheena','Crankhorn','Johanneshov'),(495,'Conn','Whapples','Muñoz East'),(496,'Klaus','Geer','Cunén'),(497,'Robbyn','Caselick','Cartagena'),(498,'Kath','Linney','Kitahiroshima'),(499,'Ariel','Pinnijar','Rive-de-Gier'),(500,'Rudolph','Gravestone','Qingchuan');
/*!40000 ALTER TABLE `patient` ENABLE KEYS */;
UNLOCK TABLES;

--
-- Table structure for table `prescription`
--

DROP TABLE IF EXISTS `prescription`;
/*!40101 SET @saved_cs_client     = @@character_set_client */;
/*!50503 SET character_set_client = utf8mb4 */;
CREATE TABLE `prescription` (
  `id_Pres` int unsigned NOT NULL AUTO_INCREMENT,
  `id_M` int unsigned NOT NULL,
  `posologie` varchar(45) NOT NULL,
  PRIMARY KEY (`id_Pres`),
  KEY `id` (`id_M`),
  KEY `tbl_medicament` (`id_M`),
  CONSTRAINT `tbl_medicament` FOREIGN KEY (`id_M`) REFERENCES `medicament` (`id_M`) ON DELETE CASCADE ON UPDATE CASCADE
) ENGINE=InnoDB AUTO_INCREMENT=301 DEFAULT CHARSET=utf8mb3;
/*!40101 SET character_set_client = @saved_cs_client */;

--
-- Dumping data for table `prescription`
--

LOCK TABLES `prescription` WRITE;
/*!40000 ALTER TABLE `prescription` DISABLE KEYS */;
INSERT INTO `prescription` VALUES (1,41,'Non-invasive mech vent'),(2,151,'Endotracheal bronchogram'),(3,195,'Open prostatic biopsy'),(4,305,'Bile duct anastomos NEC'),(5,57,'Hand & finger arthroscop'),(6,341,'Mastoidectomy NEC'),(7,79,'Remov other genit device'),(8,38,'Retropubic ureth suspens'),(9,196,'Rectal perirect op NEC'),(10,138,'Ext ear diagnos proc NEC'),(11,386,'2nd op post eye rem NEC'),(12,249,'Insert nasopharyn airway'),(13,162,'Blow therapeut into tube'),(14,28,'Incis larynx trachea NEC'),(15,431,'Culture-bili/pancreas'),(16,135,'Surg induct labor NEC'),(17,60,'Inject/infuse electrolyt'),(18,14,'Cardiac stress test NEC'),(19,347,'Facilit intraoc circ NEC'),(20,488,'Lap sigmoidectomy'),(21,19,'Breast thermography'),(22,442,'Alveoloplasty'),(23,470,'Open prostatic biopsy'),(24,300,'Repl/rep oth tot hrt sys'),(25,224,'Patellar wedge osteotomy'),(26,26,'Soft tissue division NEC'),(27,290,'Leg vein resect/anastom'),(28,340,'Radical vulvectomy'),(29,209,'Resect ext seg lg bowel'),(30,60,'Subtalr jt arthroereisis'),(31,46,'Rev knee repl-femur comp'),(32,451,'Vas & epididy repair NEC'),(34,35,'Extracorpor hepat Assis'),(35,177,'Lingual frenotomy'),(36,263,'Preauricular sinus excis'),(37,454,'Eye enuc/implan/musc att'),(38,173,'Ovarian aspirat biopsy'),(39,378,'Endo insrt colonic stent'),(41,215,'Int inser lead atri-vent'),(42,146,'Abd vein resect w replac'),(43,291,'Bilateral nephrectomy'),(44,274,'Nasolacrimal duct probe'),(45,237,'Atria septa def rep NEC'),(46,186,'Control bladd hemorrhage'),(47,379,'Upper limb endarterectom'),(48,183,'Nonmag remov post seg FB'),(49,375,'Insrt prsr snsr w/o lead'),(50,209,'Low forceps operation'),(51,322,'Culture-eye'),(52,326,'Oth arthrotomy-shoulder'),(53,15,'Esophageal incision NEC'),(54,345,'Thymus field exploration'),(55,128,'Proximal gastrectomy'),(56,464,'Cl fx reduc-tibia/fibula'),(57,17,'Remove cervical cerclage'),(58,17,'Vaginotomy NEC'),(59,175,'Closure cholecystostomy'),(60,274,'Suture of palate lacerat'),(61,23,'Periph nerve inject NOS'),(62,244,'Remove orbital implant'),(63,125,'Ptosis rep-front mus sut'),(64,83,'Percutan liver aspirat'),(65,279,'Levator musc suspension'),(66,181,'Lt heart angiocardiogram'),(67,313,'Anal sphinct repair NEC'),(68,460,'Abd vessel resect/anast'),(69,256,'Intracereb cth-burr hole'),(70,419,'Body measurement'),(71,111,'Excise ciliary body les'),(72,333,'Endosc inser nasopan tub'),(74,87,'Close sm bowel fist NEC'),(75,37,'Mobilization of spine'),(76,308,'Five-in-one knee repair'),(77,467,'Revis ant seg op wnd NEC'),(78,349,'Ventricl shunt tube punc'),(79,195,'Local sm bowel perfusion'),(80,175,'Dressing of wound NEC'),(81,125,'Gum operation NEC'),(82,353,'Ovarian torsion release'),(85,267,'Flexible sigmoidoscopy'),(86,353,'Insert bone stimul NOS'),(87,8,'Prostatic dx proced NEC'),(88,298,'Upper limb vessel incis'),(89,132,'Gallbladder anastom NEC'),(90,204,'Muscle thermography'),(91,187,'Pleural biopsy NEC'),(92,143,'Chorioret les xenon coag'),(94,3,'Pancreatic tube irrigat'),(95,317,'Ex cereb meningeal les'),(96,151,'Lam keratplast w autgrft'),(97,467,'Remov imp dev-radius/uln'),(98,160,'Sympath nerve division'),(99,78,'Common duct excis NEC'),(100,125,'Abdominal endarterectomy'),(101,457,'Mid/in ear dx proc NEC'),(102,355,'Breast implant revision'),(103,298,'Clos periph nerve biopsy'),(104,154,'Closed bx skin/subq tiss'),(105,315,'Intracran pressure montr'),(106,390,'Electron teleradiotherap'),(107,251,'Nonop cardiac/vasc exam'),(108,130,'Pericardiectomy'),(109,140,'Corneal incision'),(110,400,'Revise disc prosth NOS'),(111,185,'Lap total abdominal hyst'),(112,499,'Thumb amputation'),(113,70,'Perc ather extracran vsl'),(114,93,'Cell block/pap-eye'),(115,70,'C & s-spleen/marrow'),(116,65,'Endarterectomy NOS'),(117,250,'Myringotomy NEC'),(118,302,'Tot exc pituit-transfron'),(119,359,'Coag factor transfusion'),(120,209,'Bronchial operation NEC'),(121,338,'Local excis penile les'),(122,471,'Unil femor hrn rep-grft'),(123,223,'Surg induct labor NEC'),(124,273,'Inject ca chemother NEC'),(125,249,'Abdominal wall x-ray NEC'),(126,494,'D & C post delivery'),(127,210,'Other tenoplasty of hand'),(128,156,'Chorioret les destr NEC'),(130,273,'Phonocardiogram'),(131,358,'Opn fx red w int fix NOS'),(132,393,'Replace cast NEC'),(133,311,'Delayed tendon suture'),(134,268,'Toxicology-lower resp'),(136,90,'Eye examination NOS'),(137,55,'Root canal NOS'),(138,347,'Fasciotomy of hand'),(139,299,'Cesarean section NOS'),(140,17,'Pull-thru res rectum NOS'),(141,128,'Bact smear-nervous syst'),(142,78,'Insert synth graft/prost'),(143,139,'Thyroid scan/isotop func'),(144,263,'Cysto & recto w grf/pros'),(145,281,'Transphen pituitary bx'),(146,2,'Transab cerclage cervix'),(147,242,'Fus/refus 4-8 vertebrae'),(148,307,'Inject tendon of hand'),(149,418,'Sm bowel segment isolat'),(150,334,'Bact smear-integument'),(151,180,'Cl fx reduc-toe'),(152,64,'Remov skel musc stimulat'),(153,276,'Closed lung biopsy'),(154,182,'Remov trunk packing NEC'),(155,229,'Rectal massage'),(156,389,'Shoulder synovectomy'),(157,495,'Seg osteoplasty maxilla'),(158,407,'IV infusion clofarabine'),(159,483,'Dx ultrasound NEC'),(160,347,'Limb lengthn-metatar/tar'),(161,311,'Lingual frenectomy'),(162,125,'Implnt/fit pros limb NOS'),(163,7,'Oth remove rem ova/tube'),(164,21,'Insertion of laminaria'),(165,15,'Bursectomy'),(166,87,'Chest cage bone biopsy'),(167,236,'Retroperit dissect NOS'),(168,355,'Oth unilat oophorectomy'),(169,307,'Ventri shunt-uninary sys'),(170,288,'Skin repair & plasty NEC'),(171,29,'Open chest trans revasc'),(172,15,'Arbovirus vaccinat NEC'),(173,179,'Patellar division NEC'),(174,284,'Int fix w/o fx reduc NOS'),(175,382,'Application of splint'),(176,119,'Root canal w apicoectomy'),(178,181,'Fit up arm/should prosth'),(179,411,'Cautery to stop epistax'),(180,46,'Applic ext fix-humerus'),(181,428,'Close gastric fistul NEC'),(182,264,'Other craniotomy'),(183,316,'Tendon sheath explorat'),(184,489,'Unilat breast implant'),(185,42,'Dental x-ray NEC'),(186,365,'Cl reduc disloc-hand/fng'),(187,333,'Nasal sinus fistula clos'),(188,35,'Uterine art emb w/o coil'),(190,379,'Infusion 4F-PCC'),(191,92,'Micro exam-endocrine NEC'),(192,453,'Pulsation balloon implan'),(193,449,'Prostatic massage'),(194,167,'Endo insrt bronc def/sub'),(195,147,'Ins/rep sens-crd/vsl mtr'),(196,84,'Limited eye examination'),(197,473,'AICD check'),(198,56,'Remov thoracotomy tube'),(199,261,'Thoracoscopc decort lung'),(200,356,'Suture of tongue lacerat'),(201,119,'Prostatic dx proced NEC'),(202,30,'Perc transmyo revascular'),(203,23,'Mastoid incision'),(204,396,'Toxicology-spleen/marrow'),(205,309,'Detach retina-diathermy'),(206,339,'Linear rep lid lacer'),(207,207,'Periph nerve incis NEC'),(208,95,'Eye/orbit inj repair NEC'),(209,346,'Complete glossectomy'),(210,202,'Lymphatic struct biopsy'),(211,400,'Blood vessel dx proc NEC'),(212,425,'Ven cath renal dialysis'),(213,339,'Eyelid epilation NEC'),(214,96,'Exc,destrct,exclus LAA'),(215,290,'Thymus transplantation'),(217,213,'Lower limb lymphangiogrm'),(218,415,'Full-mouth x-ray'),(219,373,'Radius & ulna biopsy'),(220,402,'Pancreat sphincteroplas'),(221,68,'Opn ind ing hern-gft NEC'),(222,419,'Trocar cholecystostomy'),(223,102,'Open biopsy nasal sinus'),(224,410,'Rt & lt heart angiocard'),(225,381,'General physical exam'),(226,231,'Oth unilat oophorectomy'),(227,360,'Oth laryngeal operation'),(228,162,'Diagnost vitreous aspir'),(229,215,'Internal fix-patella'),(231,69,'Applic ext fix-humerus'),(232,474,'Bilat radical mastectomy'),(233,436,'Other pleural excision'),(234,12,'Skin & subq dx proc NEC'),(235,434,'Adrenal vessel ligation'),(236,154,'Below knee amputat NEC'),(238,454,'Spine canal struc op NEC'),(239,306,'Rem cath cranial cav/tis'),(240,327,'Subconjunctival inject'),(241,270,'Percutaneous hysterogram'),(242,473,'Implant arm prosthesis'),(243,42,'Aorta-renal bypass'),(245,36,'Ant nasal pack for epist'),(246,131,'Nephrocystanastomosi NOS'),(247,420,'Impl fallop tube prosth'),(248,453,'Limited consultation'),(249,494,'Radius/ulna division NEC'),(250,185,'Adrenal vessel ligation'),(251,289,'Cl reduc disloc-ankle'),(252,59,'Heart/pericard repr NEC'),(253,41,'Eyelid epilation NEC'),(254,3,'Suture of laryngeal lac'),(255,224,'Skin graft to mouth NEC'),(256,71,'Placental scan'),(257,377,'Incision of aorta'),(258,150,'Remov peritoneal drain'),(259,453,'Excise middle ear lesion'),(260,311,'Remov intralum uter FB'),(261,82,'Aspiration skin & subq'),(262,187,'Ligation esoph varix'),(263,396,'Remove ocular implant'),(264,296,'Fixed bridge insertion'),(265,469,'Skin defect tattooing'),(266,103,'Retrogr cystourethrogram'),(267,10,'Insert aqueous drain dev'),(268,490,'Other control gast hem'),(269,131,'Lap unilat oophorectomy'),(270,133,'Scrotum & tunica biopsy'),(271,375,'Oth excise duodenum les'),(272,231,'Epididymotomy'),(273,23,'Canthotomy'),(276,457,'Denture fitting'),(277,44,'Insert tissue expander'),(278,479,'Loc exc bone lesion NEC'),(279,62,'Eswl gb/bile duct'),(280,239,'Arth/pros rem wo rep NEC'),(281,34,'Lap salpingo-oophoroplas'),(282,124,'Annuloplasty'),(283,370,'Breast pedicle graft'),(284,498,'Clos red-int fix humerus'),(285,149,'Infusion 4F-PCC'),(286,249,'Sperm cord adhesiolysis'),(287,334,'Bone marrow ops NEC'),(288,309,'Transplant of intestine'),(289,41,'Eyebal/orbit dx proc NEC'),(290,132,'Destruct-knee lesion NEC'),(291,45,'Repair of macrodactyly'),(292,276,'Lysis pharyngeal adhes'),(293,60,'Excise int mammary node'),(294,217,'Adm neuroprotective agnt'),(295,456,'Remove penetrat FB eye'),(296,394,'Femoral sequestrectomy'),(297,47,'Cl reduc disloc-knee'),(298,385,'Duodenal lacerat suture'),(299,212,'Oth meta/tar repa/plast'),(300,52,'D & C for preg terminat');
/*!40000 ALTER TABLE `prescription` ENABLE KEYS */;
UNLOCK TABLES;

--
-- Table structure for table `visite`
--

DROP TABLE IF EXISTS `visite`;
/*!40101 SET @saved_cs_client     = @@character_set_client */;
/*!50503 SET character_set_client = utf8mb4 */;
CREATE TABLE `visite` (
  `id_V` int unsigned NOT NULL AUTO_INCREMENT,
  `date_visite` varchar(45) NOT NULL,
  `prix` varchar(30) NOT NULL,
  `id_D` int unsigned NOT NULL,
  `id_P` int unsigned NOT NULL,
  PRIMARY KEY (`id_V`),
  KEY `id` (`id_D`,`id_P`),
  KEY `tbl_docteur` (`id_D`),
  KEY `tbl_patient` (`id_P`),
  CONSTRAINT `tbl_docteur` FOREIGN KEY (`id_D`) REFERENCES `docteur` (`id_D`) ON DELETE CASCADE ON UPDATE CASCADE,
  CONSTRAINT `tbl_patient` FOREIGN KEY (`id_P`) REFERENCES `patient` (`id_P`) ON DELETE CASCADE ON UPDATE CASCADE
) ENGINE=InnoDB AUTO_INCREMENT=301 DEFAULT CHARSET=utf8mb3;
/*!40101 SET character_set_client = @saved_cs_client */;

--
-- Dumping data for table `visite`
--

LOCK TABLES `visite` WRITE;
/*!40000 ALTER TABLE `visite` DISABLE KEYS */;
INSERT INTO `visite` VALUES (1,'3/18/2021','$83.82',15,394),(2,'2/2/2021','$173.33',17,379),(3,'2/12/2021','$116.83',3,215),(4,'8/17/2021','$230.52',20,72),(5,'12/2/2021','$130.27',18,322),(6,'9/29/2021','$218.91',5,416),(7,'5/15/2021','$108.07',19,55),(8,'9/20/2021','$73.59',15,330),(9,'11/17/2021','$184.57',5,306),(10,'12/3/2021','$202.75',20,394),(11,'8/13/2021','$99.13',6,204),(12,'12/17/2021','$82.92',13,312),(13,'2/23/2021','$195.33',12,80),(14,'4/29/2021','$148.24',8,423),(15,'7/2/2021','$137.42',4,208),(16,'10/6/2021','$144.40',3,378),(17,'12/23/2020','$153.69',16,323),(18,'9/30/2021','$95.15',14,65),(19,'9/26/2021','$169.32',12,442),(20,'8/3/2021','$192.77',16,119),(21,'1/4/2021','$122.39',15,293),(22,'2/2/2021','$180.44',2,3),(23,'12/16/2021','$54.22',12,141),(24,'7/10/2021','$118.16',9,32),(25,'4/12/2021','$175.96',15,165),(26,'6/12/2021','$99.32',5,336),(27,'12/17/2021','$232.37',3,317),(28,'2/25/2021','$108.05',3,209),(29,'10/23/2021','$233.65',5,241),(30,'7/4/2021','$151.73',4,486),(31,'2/21/2021','$101.32',7,73),(32,'4/28/2021','$235.95',9,130),(33,'9/6/2021','$179.55',14,481),(34,'5/15/2021','$216.50',6,290),(35,'2/16/2021','$64.49',3,121),(36,'11/3/2021','$74.80',11,123),(37,'7/16/2021','$58.97',8,364),(38,'3/5/2021','$222.33',19,298),(39,'2/10/2021','$129.89',3,472),(40,'9/29/2021','$180.18',6,42),(41,'9/18/2021','$159.72',20,3),(42,'11/24/2021','$100.98',3,7),(43,'10/27/2021','$127.57',5,270),(44,'9/14/2021','$139.41',2,191),(45,'11/28/2021','$184.98',3,8),(46,'12/7/2021','$76.13',9,228),(47,'9/13/2021','$126.40',3,113),(48,'6/21/2021','$83.32',16,491),(49,'6/30/2021','$246.44',12,49),(50,'12/5/2021','$51.94',1,192),(51,'1/14/2021','$176.34',14,60),(52,'2/23/2021','$145.65',3,101),(53,'4/19/2021','$115.38',19,465),(54,'5/4/2021','$218.91',9,19),(55,'11/3/2021','$75.44',6,239),(56,'10/12/2021','$99.43',20,217),(57,'4/7/2021','$77.66',19,284),(58,'9/20/2021','$185.68',20,150),(59,'5/12/2021','$88.25',9,466),(60,'7/14/2021','$144.53',17,398),(61,'6/15/2021','$190.22',17,178),(62,'1/26/2021','$228.12',3,149),(63,'11/11/2021','$131.35',18,51),(64,'6/20/2021','$180.29',1,72),(65,'8/26/2021','$228.86',12,167),(66,'6/11/2021','$84.14',2,309),(67,'3/1/2021','$60.91',14,54),(68,'12/2/2021','$122.87',10,32),(69,'6/7/2021','$247.29',2,182),(70,'10/16/2021','$98.39',16,378),(71,'6/15/2021','$164.56',19,305),(72,'8/12/2021','$121.65',6,410),(73,'2/14/2021','$66.19',8,270),(74,'7/3/2021','$164.41',18,200),(75,'1/10/2021','$91.80',4,387),(76,'12/8/2021','$53.54',5,411),(77,'10/1/2021','$166.36',8,396),(78,'12/2/2021','$110.61',13,96),(79,'2/15/2021','$197.90',9,247),(80,'8/15/2021','$213.13',15,418),(81,'11/18/2021','$148.41',6,5),(82,'4/8/2021','$243.13',12,113),(83,'4/19/2021','$212.77',18,271),(84,'11/9/2021','$68.80',9,456),(85,'2/11/2021','$203.68',14,69),(86,'5/13/2021','$66.06',7,379),(87,'7/26/2021','$126.21',12,16),(88,'12/15/2021','$216.43',17,271),(89,'11/2/2021','$104.51',15,131),(90,'7/29/2021','$216.79',12,20),(91,'12/16/2021','$195.27',1,362),(92,'10/7/2021','$184.20',2,115),(93,'2/22/2021','$175.94',10,35),(94,'5/16/2021','$144.14',13,299),(95,'12/28/2020','$121.68',13,13),(96,'3/18/2021','$243.69',12,456),(97,'12/24/2020','$131.46',12,438),(98,'10/7/2021','$240.90',20,468),(99,'10/23/2021','$162.22',7,388),(100,'9/14/2021','$182.22',20,406),(101,'8/31/2021','$176.62',3,211),(102,'8/19/2021','$241.12',3,495),(103,'12/22/2020','$192.28',13,68),(104,'1/23/2021','$103.86',11,37),(105,'12/17/2021','$147.82',2,148),(106,'9/30/2021','$82.84',18,451),(107,'2/15/2021','$180.75',17,471),(108,'9/24/2021','$219.44',5,433),(109,'5/18/2021','$118.49',8,205),(110,'4/15/2021','$209.89',12,43),(111,'4/17/2021','$137.05',14,200),(112,'5/22/2021','$170.54',15,325),(113,'5/31/2021','$241.18',14,122),(114,'8/23/2021','$223.27',1,42),(115,'10/15/2021','$92.25',11,225),(116,'3/16/2021','$102.19',7,371),(117,'1/11/2021','$170.32',16,16),(118,'1/11/2021','$247.30',11,495),(119,'9/29/2021','$243.21',2,6),(120,'5/24/2021','$142.37',5,222),(121,'10/30/2021','$230.96',16,390),(122,'9/20/2021','$199.46',6,88),(123,'11/19/2021','$214.08',10,16),(124,'7/16/2021','$73.23',2,429),(125,'8/14/2021','$142.84',8,485),(126,'7/30/2021','$78.64',19,390),(127,'7/9/2021','$170.80',17,23),(128,'10/13/2021','$84.66',13,85),(129,'10/6/2021','$197.21',7,277),(130,'12/29/2020','$122.98',5,445),(131,'10/16/2021','$247.41',9,313),(132,'5/15/2021','$203.37',6,300),(133,'5/29/2021','$171.96',5,404),(134,'6/1/2021','$140.40',10,486),(135,'1/29/2021','$110.89',9,110),(136,'8/23/2021','$244.91',19,159),(137,'2/27/2021','$171.29',4,262),(138,'8/11/2021','$220.25',13,270),(139,'12/30/2020','$85.97',2,107),(140,'9/30/2021','$160.41',12,18),(141,'3/29/2021','$127.02',17,73),(142,'12/14/2021','$80.41',8,66),(143,'12/27/2020','$130.28',3,159),(144,'6/12/2021','$201.84',11,275),(145,'3/10/2021','$101.85',9,311),(146,'7/3/2021','$218.58',16,31),(147,'6/29/2021','$50.34',11,95),(148,'9/24/2021','$162.29',5,94),(149,'4/19/2021','$225.53',10,465),(150,'10/28/2021','$54.71',3,488),(151,'11/10/2021','$157.37',18,5),(152,'8/14/2021','$162.48',7,160),(153,'3/19/2021','$94.61',9,439),(154,'7/5/2021','$229.66',6,336),(155,'6/12/2021','$57.55',19,256),(156,'4/9/2021','$101.20',16,433),(157,'1/20/2021','$187.85',18,448),(158,'12/10/2021','$108.69',16,161),(159,'12/26/2020','$181.21',4,418),(160,'6/13/2021','$237.62',1,326),(161,'8/9/2021','$154.52',20,212),(162,'10/30/2021','$181.47',13,430),(163,'7/30/2021','$213.85',1,86),(164,'1/15/2021','$226.62',2,14),(165,'5/6/2021','$230.57',16,333),(166,'2/14/2021','$115.62',11,432),(167,'11/8/2021','$64.01',9,456),(168,'2/27/2021','$243.17',20,394),(169,'2/7/2021','$190.77',5,46),(170,'10/15/2021','$141.51',12,391),(171,'7/29/2021','$204.78',17,262),(172,'1/5/2021','$226.05',2,170),(173,'7/15/2021','$212.85',20,481),(174,'4/30/2021','$244.68',16,412),(175,'9/20/2021','$188.51',2,41),(176,'9/12/2021','$249.63',15,409),(177,'3/21/2021','$118.73',17,192),(178,'3/5/2021','$228.96',12,94),(179,'9/4/2021','$154.10',13,453),(180,'1/17/2021','$133.59',12,238),(181,'5/13/2021','$243.03',15,32),(182,'11/27/2021','$168.55',14,213),(183,'3/1/2021','$141.09',19,278),(184,'7/10/2021','$189.41',10,120),(185,'7/11/2021','$191.35',2,466),(186,'9/18/2021','$94.06',11,360),(187,'9/8/2021','$232.27',3,370),(188,'9/28/2021','$165.36',5,245),(189,'8/16/2021','$116.63',20,362),(190,'12/13/2021','$100.04',1,326),(191,'7/23/2021','$54.80',20,445),(192,'7/26/2021','$55.53',20,148),(193,'2/22/2021','$90.87',6,269),(194,'2/24/2021','$67.02',9,101),(195,'6/21/2021','$129.45',2,102),(196,'2/11/2021','$158.96',7,273),(197,'8/2/2021','$201.39',14,437),(198,'6/5/2021','$128.88',3,176),(199,'5/17/2021','$177.88',8,387),(200,'3/14/2021','$51.83',10,81),(201,'11/7/2021','$166.15',3,222),(202,'4/26/2021','$111.80',4,342),(203,'12/21/2020','$137.88',5,465),(204,'1/30/2021','$118.77',2,18),(205,'3/18/2021','$162.02',13,82),(206,'3/23/2021','$124.79',15,32),(207,'6/13/2021','$124.86',17,392),(208,'9/1/2021','$239.54',14,305),(209,'6/22/2021','$177.40',9,255),(210,'5/13/2021','$120.01',9,28),(211,'8/29/2021','$190.65',16,445),(212,'6/28/2021','$170.77',11,92),(213,'2/12/2021','$223.00',4,433),(214,'5/22/2021','$184.97',1,403),(215,'9/25/2021','$156.17',12,395),(216,'5/29/2021','$152.21',8,351),(217,'7/22/2021','$208.07',2,325),(218,'10/30/2021','$119.10',7,458),(219,'12/21/2020','$199.30',3,481),(220,'9/28/2021','$68.49',7,203),(221,'5/24/2021','$180.37',6,472),(222,'5/28/2021','$121.48',16,120),(223,'11/4/2021','$94.09',7,121),(224,'7/16/2021','$66.03',15,343),(225,'9/24/2021','$70.29',1,69),(226,'5/5/2021','$143.54',10,380),(227,'11/19/2021','$205.70',19,18),(228,'8/29/2021','$164.31',5,126),(229,'5/27/2021','$208.52',17,76),(230,'12/15/2021','$132.38',16,226),(231,'4/19/2021','$78.13',10,439),(232,'4/13/2021','$54.87',1,311),(233,'10/6/2021','$110.49',7,272),(234,'6/14/2021','$110.54',8,221),(235,'2/2/2021','$185.17',8,257),(236,'3/19/2021','$200.79',8,96),(237,'11/17/2021','$69.34',17,264),(238,'9/26/2021','$248.20',5,299),(239,'1/20/2021','$217.57',9,486),(240,'8/15/2021','$64.66',19,221),(241,'9/26/2021','$238.60',9,141),(242,'3/8/2021','$188.44',4,92),(243,'8/28/2021','$219.62',8,394),(244,'3/4/2021','$132.33',18,426),(245,'2/13/2021','$90.02',6,90),(246,'6/27/2021','$140.74',4,102),(247,'11/22/2021','$185.19',11,273),(248,'9/24/2021','$200.33',19,498),(249,'7/10/2021','$64.30',1,168),(250,'4/8/2021','$220.47',2,332),(251,'5/22/2021','$54.75',13,482),(252,'3/21/2021','$97.55',20,495),(253,'2/9/2021','$54.62',18,325),(254,'8/21/2021','$71.14',10,411),(255,'7/15/2021','$91.34',20,402),(256,'5/11/2021','$224.69',1,351),(257,'1/27/2021','$156.41',15,420),(258,'12/29/2020','$113.13',15,486),(259,'5/19/2021','$121.01',14,182),(260,'7/13/2021','$160.25',18,222),(261,'3/6/2021','$92.58',8,250),(262,'5/22/2021','$123.50',16,275),(263,'5/21/2021','$208.76',7,426),(264,'2/14/2021','$94.24',16,353),(265,'5/14/2021','$173.08',20,306),(266,'9/28/2021','$169.32',19,304),(267,'12/7/2021','$245.65',15,6),(268,'8/8/2021','$148.82',19,166),(269,'4/12/2021','$170.75',11,97),(270,'6/2/2021','$119.40',5,227),(271,'3/3/2021','$63.20',10,496),(272,'1/10/2021','$122.52',3,401),(273,'11/8/2021','$217.22',6,439),(274,'8/4/2021','$101.79',2,225),(275,'3/15/2021','$148.63',7,67),(276,'6/25/2021','$218.07',3,271),(277,'11/4/2021','$54.28',8,162),(278,'9/11/2021','$86.10',8,456),(279,'9/23/2021','$219.42',10,36),(280,'3/27/2021','$67.20',5,276),(281,'7/19/2021','$51.38',6,228),(282,'3/3/2021','$158.91',13,354),(283,'9/20/2021','$195.18',12,60),(284,'1/26/2021','$115.32',7,175),(285,'12/13/2021','$69.05',4,258),(286,'4/17/2021','$94.06',9,16),(287,'12/13/2021','$204.27',3,112),(288,'1/19/2021','$65.57',14,238),(289,'3/1/2021','$201.75',16,47),(290,'5/11/2021','$233.56',9,254),(291,'1/28/2021','$65.27',20,403),(292,'12/23/2020','$138.78',11,253),(293,'9/18/2021','$205.87',11,358),(294,'12/11/2021','$203.61',10,403),(295,'11/14/2021','$143.22',15,246),(296,'4/2/2021','$178.74',4,94),(297,'10/27/2021','$187.35',6,410),(298,'4/21/2021','$74.14',15,318),(299,'9/21/2021','$98.88',19,93),(300,'1/26/2021','$98.22',16,120);
/*!40000 ALTER TABLE `visite` ENABLE KEYS */;
UNLOCK TABLES;
/*!40103 SET TIME_ZONE=@OLD_TIME_ZONE */;

/*!40101 SET SQL_MODE=@OLD_SQL_MODE */;
/*!40014 SET FOREIGN_KEY_CHECKS=@OLD_FOREIGN_KEY_CHECKS */;
/*!40014 SET UNIQUE_CHECKS=@OLD_UNIQUE_CHECKS */;
/*!40101 SET CHARACTER_SET_CLIENT=@OLD_CHARACTER_SET_CLIENT */;
/*!40101 SET CHARACTER_SET_RESULTS=@OLD_CHARACTER_SET_RESULTS */;
/*!40101 SET COLLATION_CONNECTION=@OLD_COLLATION_CONNECTION */;
/*!40111 SET SQL_NOTES=@OLD_SQL_NOTES */;

-- Dump completed on 2021-12-19 16:47:47
